,Pclass,SibSp,Parch,sex_no,embarked_no,fare_scaled,deck_number,cabin_count,age_scaled,Survived
0,3,1,0,1,3,-0.0487073701217,0,0,-0.0967468917700279,0
1,1,1,0,0,1,0.0762773076987,3,1,0.10430864982333728,1
2,3,0,0,0,3,-0.047389857865900005,0,0,-0.046483006371686605,1
3,1,1,0,0,3,0.0407858697717,3,1,0.0666107357745813,1
4,3,0,0,1,3,-0.0471458741149,0,0,0.0666107357745813,0
5,3,0,0,1,2,-0.0463489255904,0,0,,0
6,1,0,0,1,3,0.0383704306361,5,1,0.30536419141670246,0
7,3,3,1,1,3,-0.021722767253099996,0,0,-0.3480663187617344,0
8,3,0,2,0,3,-0.041127673317400006,0,0,-0.033917035022101284,1
9,2,1,0,0,1,-0.00416413502993,0,0,-0.19727466256671047,1
10,3,1,1,0,3,-0.0302621985407,7,1,-0.3229343760625637,1
11,1,0,0,0,3,-0.0110362789561,3,1,0.3556280768150437,1
12,3,0,0,1,3,-0.0471458741149,0,0,-0.12187883446919855,0
13,3,1,5,1,3,-0.00181369316559,0,0,0.11687462117292259,0
14,3,0,0,0,3,-0.0475280502626,0,0,-0.19727466256671047,0
15,2,0,0,0,3,-0.031628507546700005,0,0,0.31793016276628777,1
16,3,4,1,1,2,-0.0060102136840399995,0,0,-0.3480663187617344,0
17,2,0,0,1,3,-0.0374841175724,0,0,,1
18,3,1,0,0,3,-0.0277247675295,0,0,0.01634685037624001,0
19,3,0,0,0,1,-0.048756166872,0,0,,1
20,2,0,0,1,3,-0.0121098074609,0,0,0.0666107357745813,0
21,2,0,0,1,3,-0.0374841175724,4,1,0.05404476442499598,1
22,3,0,0,0,2,-0.047186473011099996,0,0,-0.18470869121712516,1
23,1,0,0,1,3,0.00643295762066,1,1,-0.02135106367251596,1
24,3,3,1,0,3,-0.021722767253099996,0,0,-0.27267049066422244,0
25,3,1,5,0,3,-0.0015941077896300003,0,0,0.10430864982333728,1
26,3,0,0,1,1,-0.048756166872,0,0,,0
27,1,3,2,1,3,0.450483384573,3,3,-0.13444480581878387,0
28,3,0,0,0,2,-0.0474792535123,0,0,,1
29,3,0,0,1,3,-0.047446852470199995,0,0,,0
30,1,0,0,1,1,-0.00875102955009,0,0,0.12944059252250792,0
31,1,1,0,0,1,0.223131127469,2,1,,1
32,3,0,0,0,2,-0.0477314351174,0,0,,1
33,2,0,0,1,3,-0.0423637925939,0,0,0.45615584761172634,0
34,1,1,0,1,1,0.0975282924171,0,0,-0.02135106367251596,0
35,1,1,0,1,3,0.0386388127622,0,0,0.15457253522167858,0
36,3,0,0,1,1,-0.0487479690179,0,0,,1
37,3,0,0,1,3,-0.0471458741149,0,0,-0.10931286311961322,0
38,3,2,0,0,3,-0.0277247675295,0,0,-0.1470107771683692,0
39,3,1,0,0,1,-0.0409160906085,0,0,-0.19727466256671047,1
40,3,1,0,0,3,-0.0443644593526,0,0,0.12944059252250792,0
41,2,1,0,0,3,-0.021869157503800002,0,0,-0.033917035022101284,0
42,3,0,0,1,1,-0.047446852470199995,0,0,,0
43,2,1,2,0,1,0.018298765776799997,0,0,-0.335500347412149,1
44,3,0,0,0,2,-0.0474792535123,0,0,-0.13444480581878387,1
45,3,0,0,1,3,-0.0471458741149,0,0,,0
46,3,1,0,1,2,-0.032604442551,0,0,,0
47,3,0,0,0,2,-0.0477314351174,0,0,,1
48,3,2,0,1,1,-0.020543447393900002,0,0,,0
49,3,1,0,0,3,-0.0281151415312,0,0,-0.1470107771683692,0
50,3,4,1,1,3,0.0146064132816,0,0,-0.28523646201380776,0
51,3,0,0,1,3,-0.047633841617,0,0,-0.10931286311961322,0
52,1,1,0,0,1,0.08690699657839998,4,1,0.24253433466877583,1
53,2,1,0,0,3,-0.0121098074609,0,0,-0.008785092322930637,1
54,1,0,1,1,1,0.0581169139519,2,1,0.443589876262141,0
55,1,0,0,1,3,0.00643295762066,3,1,,1
56,2,0,0,0,3,-0.0423637925939,0,0,-0.10931286311961322,1
57,3,0,0,1,1,-0.0487479690179,0,0,-0.015068077997723299,0
58,2,1,2,0,3,-0.00869403494584,0,0,-0.3103684047129784,1
59,3,5,2,1,3,0.0286842757185,0,0,-0.23497257661546644,0
60,3,0,0,1,1,-0.0487479690179,0,0,-0.0967468917700279,0
61,1,0,0,0,0,0.09329117300249999,2,1,0.10430864982333728,1
62,1,1,0,1,3,0.100073921282,3,1,0.19227044927043455,0
63,3,3,2,1,3,-0.00840125444455,0,0,-0.3229343760625637,0
64,1,0,0,1,1,-0.00875102955009,0,0,,0
65,3,1,1,1,1,-0.033100607907099996,0,0,,1
66,2,0,0,0,3,-0.0423637925939,6,1,-0.008785092322930637,1
67,3,0,0,1,3,-0.0469344865929,0,0,-0.13444480581878387,0
68,3,4,2,0,3,-0.047389857865900005,0,0,-0.1595767485179545,1
69,3,2,0,1,3,-0.04595035373459999,0,0,-0.046483006371686605,0
70,2,0,0,1,3,-0.0423637925939,0,0,0.028912821725825332,0
71,3,5,2,0,3,0.0286842757185,0,0,-0.17214271986753985,0
72,2,0,0,1,3,0.0806040179467,0,0,-0.10931286311961322,0
73,3,1,0,1,1,-0.0346457082059,0,0,-0.046483006371686605,0
74,3,0,0,1,3,0.0474140299468,0,0,0.028912821725825332,1
75,3,0,0,1,3,-0.047926622118300004,6,2,-0.05904897772127193,0
76,3,0,0,1,3,-0.047446852470199995,0,0,,0
77,3,0,0,1,3,-0.0471458741149,0,0,,0
78,2,0,2,1,3,-0.0062541974351199995,0,0,-0.3627685052407492,1
79,3,0,0,0,3,-0.038508849326900005,0,0,0.0037808790266546863,1
80,3,0,0,1,3,-0.0452915976067,0,0,-0.0967468917700279,0
81,3,0,0,1,3,-0.0443156626024,0,0,-0.008785092322930637,1
82,3,0,0,0,2,-0.0476582399921,0,0,,1
83,1,0,0,1,3,0.0290746497202,0,0,-0.02135106367251596,0
84,2,0,0,0,3,-0.0423637925939,0,0,-0.1595767485179545,1
85,3,3,0,0,3,-0.0319212880479,0,0,0.04147879307541066,1
86,3,1,3,1,3,0.004237103861,0,0,-0.17214271986753985,0
87,3,0,0,1,3,-0.0471458741149,0,0,,0
88,1,3,2,0,3,0.450483384573,3,3,-0.08418092042044258,1
89,3,0,0,1,3,-0.0471458741149,0,0,-0.07161494907085725,0
90,3,0,0,1,3,-0.0471458741149,0,0,-0.008785092322930637,0
91,3,0,0,1,3,-0.0475280502626,0,0,-0.12187883446919855,0
92,1,1,0,1,3,0.056547220091,5,1,0.20483642062001986,0
93,3,1,2,1,3,-0.022698702257400002,0,0,-0.046483006371686605,0
94,3,0,0,1,3,-0.0487073701217,0,0,0.3681940481646291,0
95,3,0,0,1,3,-0.0471458741149,0,0,,0
96,1,0,0,1,1,0.0047820659674,1,1,0.518985704359653,0
97,1,0,1,1,1,0.0608087378807,4,2,-0.08418092042044258,1
98,2,0,1,0,3,-0.017965417486599997,0,0,0.05404476442499598,1
99,2,1,0,1,3,-0.0121098074609,0,0,0.05404476442499598,0
100,3,0,0,0,3,-0.047446852470199995,0,0,-0.02135106367251596,0
101,3,0,0,1,3,-0.047446852470199995,0,0,,0
102,1,0,1,1,3,0.0879967256042,4,1,-0.10931286311961322,0
103,3,0,0,1,3,-0.0459665542557,0,0,0.04147879307541066,0
104,3,2,0,1,3,-0.047389857865900005,0,0,0.09174267847375195,0
105,3,0,0,1,3,-0.047446852470199995,0,0,-0.02135106367251596,0
106,3,0,0,0,3,-0.047926622118300004,0,0,-0.10931286311961322,1
107,3,0,0,1,3,-0.0476826383672,0,0,,1
108,3,0,0,1,3,-0.047446852470199995,0,0,0.10430864982333728,0
109,3,1,0,0,2,-0.015720766976700003,0,0,,1
110,1,0,0,1,3,0.0386388127622,3,1,0.21740239196960517,0
111,3,1,0,0,1,-0.0346457082059,0,0,-0.19099167689191782,0
112,3,0,0,1,3,-0.0471458741149,0,0,-0.0967468917700279,0
113,3,1,0,0,3,-0.0436813048496,0,0,-0.12187883446919855,0
114,3,0,0,0,1,-0.0346377055389,0,0,-0.1595767485179545,0
115,3,0,0,1,3,-0.047389857865900005,0,0,-0.10931286311961322,0
116,3,0,0,1,2,-0.0477314351174,0,0,0.5127027186848603,0
117,2,1,0,1,3,-0.021869157503800002,0,0,-0.008785092322930637,0
118,1,0,1,1,1,0.420269998336,2,2,-0.07161494907085725,0
119,3,4,2,0,3,-0.00181369316559,0,0,-0.3480663187617344,0
120,2,2,0,1,3,0.0806040179467,0,0,-0.10931286311961322,0
121,3,0,0,1,3,-0.0471458741149,0,0,,0
122,2,1,0,1,1,-0.00416413502993,0,0,0.03519580740061799,0
123,2,0,0,0,3,-0.0374841175724,5,1,0.03519580740061799,1
124,1,0,1,1,3,0.0879967256042,4,1,0.30536419141670246,0
125,3,1,0,1,1,-0.0409160906085,0,0,-0.22240660526588113,1
126,3,0,0,1,2,-0.0477314351174,0,0,,0
127,3,0,0,1,3,-0.0489187576437,0,0,-0.07161494907085725,1
128,3,1,1,0,1,-0.0192179324711,6,2,,1
129,3,0,0,1,3,-0.049244134374099996,0,0,0.19227044927043455,0
130,3,0,0,1,1,-0.047446852470199995,0,0,0.04147879307541066,0
131,3,0,0,1,3,-0.0490977441235,0,0,-0.12187883446919855,0
132,3,1,0,0,3,-0.0345563125595,0,0,0.21740239196960517,0
133,2,1,0,0,3,-0.0121098074609,0,0,-0.008785092322930637,1
134,2,0,0,1,3,-0.0374841175724,0,0,-0.05904897772127193,0
135,2,0,0,1,1,-0.033490981908800004,0,0,-0.08418092042044258,0
136,1,0,2,0,3,-0.0115568426874,4,1,-0.13444480581878387,1
137,1,1,0,1,3,0.0407858697717,3,1,0.09174267847375195,0
138,3,0,0,1,3,-0.0448686273759,0,0,-0.17214271986753985,0
139,1,0,0,1,1,0.09172967699560002,2,1,-0.07161494907085725,0
140,3,0,2,0,1,-0.033100607907099996,0,0,,0
141,3,0,0,0,3,-0.0477314351174,0,0,-0.0967468917700279,1
142,3,1,0,0,3,-0.0319212880479,0,0,-0.07161494907085725,1
143,3,0,0,1,2,-0.049683305126,0,0,-0.13444480581878387,0
144,2,0,0,1,3,-0.0404119225853,0,0,-0.1470107771683692,0
145,2,1,1,1,3,0.00887279513138,0,0,-0.13444480581878387,0
146,3,0,0,1,3,-0.0476420394711,0,0,-0.033917035022101284,1
147,3,2,2,0,3,0.004237103861,0,0,-0.26010451931463713,0
148,2,0,2,1,3,-0.0121098074609,6,1,0.08545969279895929,0
149,2,0,0,1,3,-0.0374841175724,0,0,0.15457253522167858,0
150,2,0,0,1,3,-0.038411255826500006,0,0,0.26766627736794646,0
151,1,1,0,0,3,0.0671361148875,3,1,-0.0967468917700279,1
152,3,0,0,1,3,-0.0471458741149,0,0,0.3242131484410804,0
153,3,0,2,1,3,-0.0345563125595,0,0,0.13572357819730058,0
154,3,0,0,1,3,-0.0485853782462,0,0,,0
155,1,0,1,1,1,0.0569457919467,0,0,0.26766627736794646,0
156,3,0,0,0,2,-0.0477640313466,0,0,-0.17214271986753985,1
157,3,0,0,1,3,-0.0471458741149,0,0,0.0037808790266546863,0
158,3,0,0,1,3,-0.04595035373459999,0,0,,0
159,3,8,2,1,3,0.0728941314128,0,0,,0
160,3,0,1,1,3,-0.031433320545799996,0,0,0.1797044779208492,0
161,2,0,0,0,3,-0.0321164750488,0,0,0.12944059252250792,1
162,3,0,0,1,3,-0.0476826383672,0,0,-0.046483006371686605,0
163,3,0,0,1,3,-0.04595035373459999,0,0,-0.1595767485179545,0
164,3,4,1,1,3,0.0146064132816,0,0,-0.3606322901113197,0
165,3,0,2,1,3,-0.0227962957578,0,0,-0.26010451931463713,1
166,1,0,1,0,3,0.044494422788000004,5,1,,1
167,3,1,4,0,3,-0.00840125444455,0,0,0.19227044927043455,0
168,1,0,0,1,3,-0.0122561977115,0,0,,0
169,3,0,0,1,3,0.0474140299468,0,0,-0.02135106367251596,0
170,1,0,0,1,3,0.0025292176035,2,1,0.3933259908637997,0
171,3,4,1,1,2,-0.0060102136840399995,0,0,-0.3229343760625637,0
172,3,1,1,0,3,-0.041127673317400006,0,0,-0.3606322901113197,1
173,3,0,0,1,3,-0.047389857865900005,0,0,-0.10931286311961322,0
174,1,0,0,1,1,-0.00294421627456,1,1,0.3304961341158731,0
175,3,1,1,1,3,-0.0475280502626,0,0,-0.1470107771683692,0
176,3,3,1,1,3,-0.0131507397364,0,0,,0
177,1,0,0,0,1,-0.0068153600625800006,3,1,0.25510030601836114,0
178,2,0,0,1,3,-0.0374841175724,0,0,0.0037808790266546863,0
179,3,0,0,1,3,-0.0628584276839,0,0,0.07917670712416662,0
180,3,8,2,0,3,0.0728941314128,0,0,,0
181,2,0,0,1,1,-0.0334827840548,0,0,,0
182,3,4,2,1,3,-0.0015941077896300003,0,0,-0.26010451931463713,0
183,2,2,1,1,3,0.0132645026507,6,1,-0.3606322901113197,1
184,3,0,2,0,3,-0.019868490745,0,0,-0.3229343760625637,1
185,1,0,0,1,3,0.0347350727451,1,1,,0
186,3,1,0,0,2,-0.032604442551,0,0,,1
187,1,0,0,1,3,-0.0110362789561,0,0,0.19227044927043455,1
188,3,1,1,1,2,-0.032604442551,0,0,0.12944059252250792,0
189,3,0,0,1,3,-0.047446852470199995,0,0,0.07917670712416662,0
190,2,0,0,0,3,-0.0374841175724,0,0,0.028912821725825332,1
191,2,0,0,1,3,-0.0374841175724,0,0,-0.13444480581878387,0
192,3,1,0,0,3,-0.0475280502626,0,0,-0.13444480581878387,1
193,2,1,1,1,3,-0.0121098074609,6,1,-0.335500347412149,1
194,1,0,0,0,1,-0.00875102955009,2,1,0.1797044779208492,1
195,1,0,0,0,1,0.223131127469,2,1,0.3556280768150437,1
196,3,0,0,1,2,-0.0477314351174,0,0,,0
197,3,0,1,1,3,-0.0464545217578,0,0,0.15457253522167858,0
198,3,0,0,0,2,-0.0477314351174,0,0,,1
199,2,0,0,0,3,-0.0374841175724,0,0,-0.07161494907085725,0
200,3,0,0,1,3,-0.0443156626024,0,0,-0.02135106367251596,0
201,3,8,2,1,3,0.0728941314128,0,0,,0
202,3,0,0,1,3,-0.05017947048219999,0,0,0.05404476442499598,0
203,3,0,0,1,1,-0.048756166872,0,0,0.1985534349452272,0
204,3,0,0,1,3,-0.0471458741149,0,0,-0.1470107771683692,1
205,3,0,1,0,3,-0.042436987719199994,7,1,-0.3480663187617344,0
206,3,1,0,1,3,-0.0319212880479,0,0,0.028912821725825332,0
207,3,0,0,1,1,-0.026187669897699998,0,0,-0.046483006371686605,1
208,3,0,0,0,2,-0.0477314351174,0,0,-0.17214271986753985,1
209,1,0,0,1,1,-0.00235045741795,1,1,0.12944059252250792,1
210,3,0,0,1,3,-0.0490977441235,0,0,-0.07161494907085725,0
211,2,0,0,0,3,-0.021869157503800002,0,0,0.0666107357745813,1
212,3,0,0,1,3,-0.0487073701217,0,0,-0.0967468917700279,0
213,2,0,0,1,3,-0.0374841175724,0,0,0.0037808790266546863,0
214,3,1,0,1,2,-0.0477314351174,0,0,,0
215,1,1,0,0,1,0.158239647538,4,1,0.01634685037624001,1
216,3,0,0,0,3,-0.047389857865900005,0,0,-0.033917035022101284,1
217,2,1,0,1,3,-0.010157937452299998,0,0,0.15457253522167858,0
218,1,0,0,0,1,0.08605305344969999,4,1,0.028912821725825332,1
219,2,0,0,1,3,-0.0423637925939,0,0,0.0037808790266546863,0
220,3,0,0,1,3,-0.0471458741149,0,0,-0.17214271986753985,1
221,2,0,0,1,3,-0.0374841175724,0,0,-0.033917035022101284,0
222,3,0,0,1,3,-0.0471458741149,0,0,0.26766627736794646,0
223,3,0,0,1,3,-0.047446852470199995,0,0,,0
224,1,1,0,1,3,0.112809873088,3,1,0.10430864982333728,1
225,3,0,0,1,3,-0.0446084431037,0,0,-0.0967468917700279,0
226,2,0,0,1,3,-0.0423637925939,0,0,-0.13444480581878387,1
227,3,0,0,1,3,-0.0487073701217,0,0,-0.11559584879440589,0
228,2,0,0,1,3,-0.0374841175724,0,0,-0.1470107771683692,0
229,3,3,1,0,3,-0.0131507397364,0,0,,0
230,1,1,0,0,3,0.100073921282,3,1,0.0666107357745813,1
231,3,0,0,1,3,-0.0476826383672,0,0,-0.008785092322930637,0
232,2,0,0,1,3,-0.0365081825681,0,0,0.3681940481646291,0
233,3,4,2,0,3,-0.0015941077896300003,0,0,-0.3103684047129784,1
234,2,0,0,1,3,-0.0423637925939,0,0,-0.07161494907085725,0
235,3,0,0,0,3,-0.0481218091192,0,0,,0
236,2,1,0,1,3,-0.0121098074609,0,0,0.1797044779208492,0
237,2,0,2,0,3,-0.0116218399587,0,0,-0.27267049066422244,1
238,2,0,0,1,3,-0.0423637925939,0,0,-0.13444480581878387,0
239,2,0,0,1,3,-0.0388992233286,0,0,0.04147879307541066,0
240,3,1,0,0,1,-0.0346457082059,0,0,,0
241,3,1,0,0,2,-0.032604442551,0,0,,1
242,2,0,0,1,3,-0.0423637925939,0,0,-0.008785092322930637,0
243,3,0,0,1,3,-0.0489513538728,0,0,-0.0967468917700279,0
244,3,0,0,1,1,-0.048756166872,0,0,0.0037808790266546863,0
245,1,2,0,1,2,0.112809873088,3,1,0.1797044779208492,0
246,3,0,0,0,3,-0.0476826383672,0,0,-0.05904897772127193,0
247,2,0,2,0,3,-0.0345563125595,0,0,-0.07161494907085725,1
248,1,1,1,1,3,0.039720539121,4,1,0.09174267847375195,1
249,2,1,0,1,3,-0.0121098074609,0,0,0.30536419141670246,0
250,3,0,0,1,3,-0.0487073701217,0,0,,0
251,3,1,1,0,3,-0.042436987719199994,7,1,-0.008785092322930637,0
252,1,0,0,1,3,-0.0110362789561,3,1,0.405891962213385,0
253,3,1,0,1,3,-0.031433320545799996,0,0,0.0037808790266546863,0
254,3,0,2,0,3,-0.023406255135499997,0,0,0.14200656387209323,0
255,3,0,2,0,1,-0.033100607907099996,0,0,-0.008785092322930637,1
256,1,0,0,0,1,0.09172967699560002,0,0,,1
257,1,0,0,0,3,0.105978328058,2,1,0.0037808790266546863,1
258,1,0,0,0,1,0.937141572316,0,0,0.0666107357745813,1
259,2,0,1,0,3,-0.0121098074609,0,0,0.25510030601836114,1
260,3,0,0,1,2,-0.0477314351174,0,0,,0
261,3,4,2,1,3,-0.0015941077896300003,0,0,-0.335500347412149,1
262,1,1,1,1,3,0.09260801849950001,5,1,0.2802322487175318,0
263,1,0,0,1,3,-0.0628584276839,2,1,0.12944059252250792,0
264,3,0,0,0,2,-0.0477314351174,0,0,,0
265,2,0,0,1,3,-0.0423637925939,0,0,0.07917670712416662,0
266,3,4,1,1,3,0.0146064132816,0,0,-0.17214271986753985,0
267,3,1,0,1,3,-0.0476826383672,0,0,-0.05904897772127193,1
268,1,0,1,0,3,0.236680423508,3,1,0.3556280768150437,1
269,1,0,0,0,3,0.201880142751,3,1,0.0666107357745813,1
270,1,0,0,1,3,-0.00235045741795,0,0,,0
271,3,0,0,1,3,-0.0628584276839,0,0,-0.05904897772127193,1
272,2,0,1,0,3,-0.0247969625166,0,0,0.14200656387209323,1
273,1,0,1,1,1,-0.004887888429109999,3,1,0.09174267847375195,0
274,3,0,0,0,2,-0.0477314351174,0,0,,1
275,1,1,0,0,3,0.08930604000600001,4,1,0.41845793356297034,1
276,3,0,0,0,3,-0.0477314351174,0,0,0.19227044927043455,0
277,2,0,0,1,3,-0.0628584276839,0,0,,0
278,3,4,1,1,2,-0.0060102136840399995,0,0,-0.28523646201380776,0
279,3,1,1,0,3,-0.0233330600102,0,0,0.0666107357745813,1
280,3,0,0,1,2,-0.0477314351174,0,0,0.443589876262141,0
281,3,0,0,1,3,-0.0475280502626,0,0,-0.02135106367251596,0
282,3,0,0,1,3,-0.0443156626024,0,0,-0.17214271986753985,0
283,3,0,0,1,3,-0.0471458741149,0,0,-0.13444480581878387,1
284,1,0,0,1,3,-0.0121098074609,1,1,,0
285,3,0,0,1,1,-0.04595035373459999,0,0,0.04147879307541066,0
286,3,0,0,1,3,-0.0443156626024,0,0,0.0037808790266546863,1
287,3,0,0,1,3,-0.047446852470199995,0,0,-0.0967468917700279,0
288,2,0,0,1,3,-0.0374841175724,0,0,0.15457253522167858,1
289,3,0,0,0,2,-0.0477314351174,0,0,-0.0967468917700279,1
290,1,0,0,0,3,0.09104652249260001,0,0,-0.046483006371686605,1
291,1,1,0,0,1,0.11491633120200001,2,1,-0.13444480581878387,1
292,2,0,0,1,1,-0.0377281013235,4,1,0.07917670712416662,0
293,3,0,0,0,3,-0.045584378108,0,0,-0.07161494907085725,0
294,3,0,0,1,3,-0.047446852470199995,0,0,-0.07161494907085725,0
295,1,0,0,1,1,-0.00875102955009,0,0,,0
296,3,0,0,1,1,-0.0487479690179,0,0,-0.07789793474564992,0
297,1,1,2,0,3,0.23294747211599998,3,2,-0.3480663187617344,0
298,1,0,0,1,3,-0.00332639242224,3,1,,1
299,1,0,1,0,1,0.420269998336,2,2,0.25510030601836114,1
300,3,0,0,0,2,-0.0477314351174,0,0,,1
301,3,2,0,1,2,-0.0174774499845,0,0,,1
302,3,0,0,1,3,-0.0628584276839,0,0,-0.13444480581878387,0
303,2,0,0,0,2,-0.038752833078,5,1,,1
304,3,0,0,1,3,-0.0471458741149,0,0,,0
305,1,1,2,1,3,0.23294747211599998,3,2,-0.36163756781928647,1
306,1,0,0,0,1,0.15357136003799998,0,0,,1
307,1,1,0,0,1,0.14970021625,3,1,-0.1595767485179545,1
308,2,1,0,1,1,-0.016013547478,0,0,0.0037808790266546863,0
309,1,0,0,0,1,0.048259970408500004,5,1,0.0037808790266546863,1
310,1,0,0,0,1,0.09945576405060001,3,1,-0.07161494907085725,1
311,1,2,2,0,1,0.449263465817,2,4,-0.1470107771683692,1
312,2,1,1,0,3,-0.0121098074609,0,0,-0.046483006371686605,0
313,3,0,0,1,3,-0.047446852470199995,0,0,-0.02135106367251596,0
314,2,1,1,1,3,-0.0116218399587,0,0,0.1671385065712639,0
315,3,0,0,0,3,-0.0475280502626,0,0,-0.046483006371686605,1
316,2,1,0,0,3,-0.0121098074609,0,0,-0.07161494907085725,1
317,2,0,0,1,3,-0.0355322475638,0,0,0.30536419141670246,0
318,1,0,2,0,3,0.25893993946,3,1,0.01634685037624001,1
319,1,1,1,0,1,0.19966808847,5,1,0.12944059252250792,1
320,3,0,0,1,3,-0.0487073701217,0,0,-0.0967468917700279,0
321,3,0,0,1,3,-0.047446852470199995,0,0,-0.033917035022101284,0
322,2,0,0,0,2,-0.038752833078,0,0,0.0037808790266546863,1
323,2,1,1,0,3,-0.0062541974351199995,0,0,-0.0967468917700279,1
324,3,8,2,1,3,0.0728941314128,0,0,,0
325,1,0,0,0,1,0.201880142751,3,1,0.07917670712416662,1
326,3,0,0,1,3,-0.0506836385054,0,0,0.3933259908637997,0
327,2,0,0,0,3,-0.0374841175724,4,1,0.07917670712416662,1
328,3,1,1,0,3,-0.0227962957578,0,0,0.01634685037624001,1
329,1,0,1,0,1,0.05030943391750001,2,1,-0.17214271986753985,1
330,3,2,0,0,2,-0.0174774499845,0,0,,1
331,1,0,0,1,3,-0.00723013243941,3,1,0.1985534349452272,0
332,1,0,1,1,3,0.236680423508,3,1,0.10430864982333728,0
333,3,2,0,1,3,-0.0277247675295,0,0,-0.17214271986753985,0
334,1,1,0,0,3,0.198008998963,0,0,,1
335,3,0,0,1,3,-0.047446852470199995,0,0,,0
336,1,1,0,1,3,0.0671361148875,3,1,-0.008785092322930637,0
337,1,0,0,0,1,0.19966808847,5,1,0.14200656387209323,1
338,3,0,0,1,3,-0.0471458741149,0,0,0.19227044927043455,1
339,1,0,0,1,3,0.00643295762066,8,1,0.19227044927043455,0
340,2,1,1,1,3,-0.0121098074609,6,1,-0.3480663187617344,1
341,1,3,2,0,3,0.450483384573,3,3,-0.07161494907085725,1
342,2,0,0,1,3,-0.0374841175724,0,0,-0.02135106367251596,0
343,2,0,0,1,3,-0.0374841175724,0,0,-0.05904897772127193,0
344,2,0,0,1,3,-0.0374841175724,0,0,0.07917670712416662,0
345,2,0,0,0,3,-0.0374841175724,6,1,-0.07161494907085725,1
346,2,0,0,0,3,-0.0374841175724,0,0,0.12944059252250792,1
347,3,1,0,0,3,-0.031433320545799996,0,0,,1
348,3,1,1,1,3,-0.0318236945475,0,0,-0.335500347412149,1
349,3,0,0,1,3,-0.04595035373459999,0,0,0.15457253522167858,0
350,3,0,0,1,3,-0.0448524268548,0,0,-0.08418092042044258,0
351,1,0,0,1,3,0.00545702261637,3,1,,0
352,3,1,1,1,1,-0.0487479690179,0,0,-0.18470869121712516,0
353,3,1,0,1,3,-0.0281151415312,0,0,-0.05904897772127193,0
354,3,0,0,1,1,-0.048756166872,0,0,,0
355,3,0,0,1,3,-0.0443156626024,0,0,-0.02135106367251596,0
356,1,0,1,0,3,0.044494422788000004,5,1,-0.0967468917700279,1
357,2,0,0,0,3,-0.0374841175724,0,0,0.10430864982333728,0
358,3,0,0,0,2,-0.0474792535123,0,0,,1
359,3,0,0,0,2,-0.0474792535123,0,0,,1
360,3,1,4,1,3,-0.00840125444455,0,0,0.12944059252250792,0
361,2,1,0,1,1,-0.00875102955009,0,0,-0.008785092322930637,0
362,3,0,1,0,1,-0.0346457082059,0,0,0.19227044927043455,0
363,3,0,0,1,3,-0.0490977441235,0,0,0.0666107357745813,0
364,3,1,0,1,2,-0.032604442551,0,0,,0
365,3,0,0,1,3,-0.0487073701217,0,0,0.0037808790266546863,0
366,1,1,0,0,1,0.0840197904617,4,1,0.3807600195142144,1
367,3,0,0,0,1,-0.0487479690179,0,0,,1
368,3,0,0,0,2,-0.0477314351174,0,0,,1
369,1,0,0,0,1,0.0724061639107,2,1,-0.07161494907085725,1
370,1,1,0,1,1,0.0453565637708,5,1,-0.05904897772127193,1
371,3,1,0,1,3,-0.05017947048219999,0,0,-0.1470107771683692,0
372,3,0,0,1,3,-0.0471458741149,0,0,-0.13444480581878387,0
373,1,0,0,1,1,0.201880142751,0,0,-0.0967468917700279,0
374,3,3,1,0,3,-0.021722767253099996,0,0,-0.335500347412149,0
375,1,1,0,0,1,0.0975282924171,0,0,,1
376,3,0,0,0,3,-0.0487073701217,0,0,-0.0967468917700279,1
377,1,0,2,1,1,0.34996207913099997,3,1,-0.033917035022101284,0
378,3,0,0,1,1,-0.0550265492745,0,0,-0.12187883446919855,0
379,3,0,0,1,3,-0.0476826383672,0,0,-0.13444480581878387,0
380,1,0,0,0,1,0.38124079601800004,0,0,0.15457253522167858,1
381,3,0,2,0,1,-0.0321326755699,0,0,-0.3606322901113197,1
382,3,0,0,1,3,-0.047389857865900005,0,0,0.028912821725825332,0
383,1,1,0,0,3,0.0386388127622,0,0,0.0666107357745813,1
384,3,0,0,1,3,-0.047446852470199995,0,0,,0
385,2,0,0,1,3,0.0806040179467,0,0,-0.1470107771683692,0
386,3,5,2,1,3,0.0286842757185,0,0,-0.3606322901113197,0
387,2,0,0,0,3,-0.0374841175724,0,0,0.07917670712416662,1
388,3,0,0,1,2,-0.047772034013599994,0,0,,0
389,2,0,0,0,1,-0.039435987581000004,0,0,-0.1595767485179545,1
390,1,1,2,1,3,0.171365973346,2,2,0.07917670712416662,1
391,3,0,0,1,3,-0.0476420394711,0,0,-0.10931286311961322,1
392,3,2,0,1,3,-0.047389857865900005,0,0,-0.02135106367251596,0
393,1,1,0,0,1,0.158239647538,4,1,-0.08418092042044258,1
394,3,0,2,0,3,-0.0302621985407,7,1,-0.07161494907085725,1
395,3,0,0,1,3,-0.0476420394711,0,0,-0.0967468917700279,0
396,3,0,0,0,3,-0.0475280502626,0,0,0.01634685037624001,0
397,2,0,0,1,3,-0.0121098074609,0,0,0.20483642062001986,0
398,2,0,0,1,3,-0.0423637925939,0,0,-0.08418092042044258,0
399,2,0,0,0,3,-0.0381672720754,0,0,-0.02135106367251596,1
400,3,0,0,1,3,-0.047389857865900005,0,0,0.11687462117292259,1
401,3,0,0,1,3,-0.0471458741149,0,0,-0.046483006371686605,0
402,3,1,0,0,3,-0.0436813048496,0,0,-0.10931286311961322,0
403,3,1,0,1,3,-0.0319212880479,0,0,-0.02135106367251596,0
404,3,0,0,0,3,-0.04595035373459999,0,0,-0.12187883446919855,0
405,2,1,0,1,3,-0.021869157503800002,0,0,0.05404476442499598,0
406,3,0,0,1,3,-0.0477314351174,0,0,0.26766627736794646,0
407,2,1,1,1,3,-0.0262608650231,0,0,-0.335500347412149,1
408,3,0,0,1,3,-0.0476826383672,0,0,-0.10931286311961322,0
409,3,3,1,0,3,-0.0131507397364,0,0,,0
410,3,0,0,1,3,-0.047446852470199995,0,0,,0
411,3,0,0,1,2,-0.049471917604099996,0,0,,0
412,1,1,0,0,2,0.112809873088,3,1,0.04147879307541066,1
413,2,0,0,1,3,-0.0628584276839,0,0,,0
414,3,0,0,1,3,-0.047389857865900005,0,0,0.1797044779208492,1
415,3,0,0,0,3,-0.0471458741149,0,0,,0
416,2,1,1,0,3,0.000577347594916,0,0,0.05404476442499598,1
417,2,0,2,0,3,-0.0374841175724,0,0,-0.1470107771683692,1
418,2,0,0,1,3,-0.0374841175724,0,0,0.0037808790266546863,0
419,3,0,2,0,3,-0.015720766976700003,0,0,-0.2475385479650518,0
420,3,0,0,1,1,-0.047446852470199995,0,0,,0
421,3,0,0,1,2,-0.0477640313466,0,0,-0.10931286311961322,0
422,3,0,0,1,3,-0.0474874513664,0,0,-0.008785092322930637,0
423,3,1,1,0,3,-0.0347514995604,0,0,-0.02135106367251596,0
424,3,1,1,1,3,-0.023406255135499997,0,0,-0.1470107771683692,0
425,3,0,0,1,3,-0.0487073701217,0,0,,0
426,2,1,0,0,3,-0.0121098074609,0,0,-0.02135106367251596,1
427,2,0,0,0,3,-0.0121098074609,0,0,-0.13444480581878387,1
428,3,0,0,1,2,-0.0477314351174,0,0,,0
429,3,0,0,1,3,-0.0471458741149,5,1,0.028912821725825332,1
430,1,0,0,1,3,-0.0110362789561,3,1,-0.02135106367251596,1
431,3,1,0,0,3,-0.031433320545799996,0,0,,1
432,2,1,0,0,3,-0.0121098074609,0,0,0.15457253522167858,1
433,3,0,0,1,3,-0.0489513538728,0,0,-0.1595767485179545,0
434,1,1,0,1,3,0.0462511057957,5,1,0.25510030601836114,0
435,1,1,2,0,3,0.171365973346,2,2,-0.19727466256671047,1
436,3,2,2,0,3,0.004237103861,0,0,-0.10931286311961322,0
437,2,2,3,0,3,-0.0262608650231,0,0,-0.07161494907085725,1
438,1,1,4,1,3,0.450483384573,3,3,0.43102390491255566,0
439,2,0,0,1,3,-0.0423637925939,0,0,0.01634685037624001,0
440,2,1,1,0,3,-0.0116218399587,0,0,0.19227044927043455,1
441,3,0,0,1,3,-0.0443156626024,0,0,-0.12187883446919855,0
442,3,1,0,1,3,-0.0476826383672,0,0,-0.05904897772127193,0
443,2,0,0,0,3,-0.0374841175724,0,0,-0.02135106367251596,1
444,3,0,0,1,3,-0.047023882239300006,0,0,,1
445,1,0,2,1,3,0.0969183330394,1,1,-0.3229343760625637,1
446,2,0,1,0,3,-0.0247969625166,0,0,-0.20984063391629582,1
447,1,0,0,1,3,-0.0110362789561,0,0,0.05404476442499598,1
448,3,2,1,0,1,-0.025268729497700003,0,0,-0.3103684047129784,1
449,1,0,0,1,3,-0.00332639242224,3,1,0.2802322487175318,1
450,2,1,2,1,3,-0.00869403494584,0,0,0.07917670712416662,0
451,3,1,0,1,3,-0.0238860247836,0,0,,0
452,1,0,0,1,1,-0.00869403494584,3,1,0.0037808790266546863,0
453,1,1,0,1,1,0.111061387935,3,1,0.24253433466877583,1
454,3,0,0,1,3,-0.0471458741149,0,0,,0
455,3,0,0,1,1,-0.047446852470199995,0,0,-0.008785092322930637,1
456,1,0,0,1,3,-0.0110362789561,5,1,0.443589876262141,0
457,1,1,0,0,3,0.0383704306361,4,1,,1
458,2,0,0,0,3,-0.0423637925939,0,0,0.25510030601836114,1
459,3,0,0,1,2,-0.0477314351174,0,0,,0
460,1,0,0,1,3,-0.0110362789561,5,1,0.22996836331919052,1
461,3,0,0,1,3,-0.0471458741149,0,0,0.05404476442499598,0
462,1,0,0,1,3,0.0122885676464,5,1,0.21740239196960517,0
463,2,0,0,1,3,-0.0374841175724,0,0,0.22996836331919052,0
464,3,0,0,1,3,-0.0471458741149,0,0,,0
465,3,0,0,1,3,-0.0490977441235,0,0,0.10430864982333728,0
466,2,0,0,1,3,-0.0628584276839,0,0,,0
467,1,0,0,1,3,-0.0110362789561,0,0,0.3304961341158731,0
468,3,0,0,1,2,-0.047780231867699995,0,0,,0
469,3,2,1,0,1,-0.025268729497700003,0,0,-0.36377378294871604,1
470,3,0,0,1,3,-0.0487073701217,0,0,,0
471,3,0,0,1,3,-0.04595035373459999,0,0,0.10430864982333728,0
472,2,1,2,0,3,-0.00869403494584,0,0,0.04147879307541066,1
473,2,0,0,0,1,-0.0359388220866,4,1,-0.08418092042044258,1
474,3,0,0,0,3,-0.0436569064745,0,0,-0.0967468917700279,0
475,1,0,0,1,3,0.0386388127622,1,1,,0
476,2,1,0,1,3,-0.021869157503800002,0,0,0.05404476442499598,0
477,3,1,0,1,3,-0.049105941977500005,0,0,-0.008785092322930637,0
478,3,0,0,1,3,-0.048178803723400006,0,0,-0.0967468917700279,0
479,3,0,1,0,3,-0.038874824953499997,0,0,-0.3480663187617344,1
480,3,5,2,1,3,0.0286842757185,0,0,-0.26010451931463713,0
481,2,0,0,1,3,-0.0628584276839,0,0,,0
482,3,0,0,1,3,-0.0471458741149,0,0,0.25510030601836114,0
483,3,0,0,0,3,-0.0441448739767,0,0,0.41845793356297034,1
484,1,1,0,1,1,0.11491633120200001,2,1,-0.05904897772127193,1
485,3,3,1,0,3,-0.0131507397364,0,0,,0
486,1,1,0,0,3,0.112809873088,3,1,0.0666107357745813,1
487,1,0,0,1,1,-0.004887888429109999,2,1,0.3556280768150437,0
488,3,0,0,1,3,-0.0471458741149,0,0,0.0037808790266546863,0
489,3,1,1,1,3,-0.0318236945475,0,0,-0.26010451931463713,1
490,3,1,0,1,3,-0.0238860247836,0,0,,0
491,3,0,0,1,3,-0.0487073701217,0,0,-0.10931286311961322,0
492,1,0,0,1,3,-0.00332639242224,3,1,0.31793016276628777,0
493,1,0,0,1,1,0.033767335594799996,0,0,0.518985704359653,0
494,3,0,0,1,3,-0.0471458741149,0,0,-0.10931286311961322,0
495,3,0,0,1,1,-0.0346377055389,0,0,,0
496,1,1,0,0,1,0.0899079967166,4,1,0.30536419141670246,1
497,3,0,0,1,3,-0.0333851905544,0,0,,0
498,1,1,2,0,3,0.23294747211599998,3,2,-0.05904897772127193,0
499,3,0,0,1,3,-0.0476420394711,0,0,-0.07161494907085725,0
500,3,0,0,1,3,-0.04595035373459999,0,0,-0.1595767485179545,0
501,3,0,0,0,2,-0.0477314351174,0,0,-0.10931286311961322,0
502,3,0,0,0,2,-0.0479672210145,0,0,,0
503,3,0,0,0,3,-0.0441448739767,0,0,0.09174267847375195,0
504,1,0,0,0,3,0.105978328058,2,1,-0.17214271986753985,1
505,1,1,0,1,1,0.14970021625,3,1,-0.1470107771683692,0
506,2,0,2,0,3,-0.0121098074609,0,0,0.04147879307541066,1
507,1,0,0,1,3,-0.0110362789561,0,0,,1
508,3,0,0,1,3,-0.0188925557407,0,0,-0.02135106367251596,0
509,3,0,0,1,3,0.0474140299468,0,0,-0.046483006371686605,1
510,3,0,0,1,2,-0.0477314351174,0,0,-0.008785092322930637,1
511,3,0,0,1,3,-0.0471458741149,0,0,,0
512,1,0,0,1,3,-0.0115486448334,5,1,0.07917670712416662,1
513,1,1,0,0,1,0.0530826508257,0,0,0.30536419141670246,1
514,3,0,0,1,3,-0.0482276004736,0,0,-0.07161494907085725,0
515,1,0,0,1,3,0.0035457515039699996,4,1,0.21740239196960517,0
516,2,0,0,0,3,-0.0423637925939,6,1,0.05404476442499598,1
517,3,0,0,1,2,-0.015720766976700003,0,0,,0
518,2,1,0,0,3,-0.0121098074609,0,0,0.07917670712416662,1
519,3,0,0,1,3,-0.047446852470199995,0,0,0.028912821725825332,0
520,1,0,0,0,3,0.119641418118,2,1,0.0037808790266546863,1
521,3,0,0,1,3,-0.047446852470199995,0,0,-0.0967468917700279,0
522,3,0,0,1,1,-0.048756166872,0,0,,0
523,1,0,1,0,1,0.05030943391750001,2,1,0.1797044779208492,1
524,3,0,0,1,1,-0.0487479690179,0,0,,0
525,3,0,0,1,2,-0.0477314351174,0,0,0.13572357819730058,0
526,2,0,0,0,3,-0.0423637925939,0,0,0.25510030601836114,1
527,1,0,0,1,3,0.370025741323,3,1,,0
528,3,0,0,1,3,-0.047389857865900005,0,0,0.11687462117292259,0
529,2,2,1,1,3,-0.0404119225853,0,0,-0.08418092042044258,0
530,2,1,1,0,3,-0.0121098074609,0,0,-0.3480663187617344,1
531,3,0,0,1,1,-0.0487479690179,0,0,,0
532,3,1,1,1,1,-0.0487479690179,0,0,-0.1595767485179545,0
533,3,0,2,0,1,-0.0192179324711,0,0,,1
534,3,0,0,0,3,-0.04595035373459999,0,0,0.0037808790266546863,0
535,2,0,2,0,3,-0.0116218399587,0,0,-0.28523646201380776,1
536,1,0,0,1,3,-0.0110362789561,2,1,0.19227044927043455,0
537,1,0,0,0,1,0.144869337979,0,0,0.0037808790266546863,1
538,3,0,0,1,3,-0.0345563125595,0,0,,0
539,1,0,2,0,1,0.0337591377408,2,1,-0.0967468917700279,1
540,1,0,2,0,3,0.0757243429253,2,1,0.07917670712416662,1
541,3,4,2,0,3,-0.00181369316559,0,0,-0.26010451931463713,0
542,3,4,2,0,3,-0.00181369316559,0,0,-0.23497257661546644,0
543,2,1,0,1,3,-0.0121098074609,0,0,0.028912821725825332,1
544,1,1,0,1,1,0.144869337979,3,1,0.25510030601836114,0
545,1,0,0,1,3,-0.0121098074609,0,0,0.43102390491255566,0
546,2,1,0,0,3,-0.0121098074609,0,0,-0.13444480581878387,1
547,2,0,0,1,1,-0.035800629689999995,0,0,,1
548,3,1,1,1,3,-0.0227962957578,0,0,0.04147879307541066,0
549,2,1,1,1,3,0.00887279513138,0,0,-0.27267049066422244,1
550,1,0,2,1,1,0.15357136003799998,3,1,-0.1595767485179545,1
551,2,0,0,1,3,-0.0121098074609,0,0,-0.033917035022101284,0
552,3,0,0,1,2,-0.04757684701280001,0,0,,0
553,3,0,0,1,1,-0.048756166872,0,0,-0.0967468917700279,1
554,3,0,0,0,3,-0.0476826383672,0,0,-0.0967468917700279,1
555,1,0,0,1,3,-0.0110362789561,0,0,0.405891962213385,0
556,1,1,0,0,1,0.014435624655799999,1,1,0.22996836331919052,1
557,1,0,0,1,1,0.38124079601800004,0,0,,0
558,1,1,1,0,3,0.09260801849950001,5,1,0.11687462117292259,1
559,3,1,0,0,3,-0.0288958895346,0,0,0.07917670712416662,1
560,3,0,0,1,2,-0.0477314351174,0,0,,0
561,3,0,0,1,3,-0.047446852470199995,0,0,0.12944059252250792,0
562,2,0,0,1,3,-0.0365081825681,0,0,-0.02135106367251596,0
563,3,0,0,1,3,-0.0471458741149,0,0,,0
564,3,0,0,0,3,-0.0471458741149,0,0,,0
565,3,2,0,1,3,-0.015720766976700003,0,0,-0.07161494907085725,0
566,3,0,0,1,3,-0.047446852470199995,0,0,-0.13444480581878387,0
567,3,0,4,0,3,-0.021722767253099996,0,0,-0.008785092322930637,0
568,3,0,0,1,1,-0.0487479690179,0,0,,0
569,3,0,0,1,3,-0.0475280502626,0,0,0.028912821725825332,1
570,2,0,0,1,3,-0.0423637925939,0,0,0.405891962213385,1
571,1,2,0,0,3,0.0376222788618,3,1,0.29279822006711714,1
572,1,0,0,1,3,-0.0113534578325,5,1,0.07917670712416662,1
573,3,0,0,0,2,-0.0477314351174,0,0,,1
574,3,0,0,1,3,-0.0471458741149,0,0,-0.17214271986753985,0
575,3,0,0,1,3,-0.0345563125595,0,0,-0.13444480581878387,0
576,2,0,0,0,3,-0.0374841175724,0,0,0.05404476442499598,1
577,1,1,0,0,3,0.0462511057957,5,1,0.11687462117292259,1
578,3,1,0,0,1,-0.0346377055389,0,0,,0
579,3,0,0,1,3,-0.047389857865900005,0,0,0.028912821725825332,1
580,2,1,1,0,3,-0.00430232742653,0,0,-0.05904897772127193,1
581,1,1,1,0,1,0.15357136003799998,3,1,0.11687462117292259,1
582,2,0,0,1,3,-0.0121098074609,0,0,0.30536419141670246,0
583,1,0,0,1,1,0.015460356410299999,1,1,0.07917670712416662,0
584,3,0,0,1,1,-0.04585276023419999,0,0,,0
585,1,0,2,0,3,0.09260801849950001,5,1,-0.1470107771683692,1
586,2,0,0,1,3,-0.0335803775552,0,0,0.21740239196960517,0
587,1,1,1,1,1,0.09172967699560002,2,1,0.3807600195142144,1
588,3,0,0,1,3,-0.0471458741149,0,0,-0.0967468917700279,0
589,3,0,0,1,3,-0.0471458741149,0,0,,0
590,3,0,0,1,3,-0.0489513538728,0,0,0.0666107357745813,0
591,1,1,0,0,1,0.0899079967166,4,1,0.2802322487175318,1
592,3,0,0,1,3,-0.0487073701217,0,0,0.21740239196960517,0
593,3,0,2,0,2,-0.0477314351174,0,0,,0
594,2,1,0,1,3,-0.0121098074609,0,0,0.09174267847375195,0
595,3,1,1,1,3,-0.015720766976700003,0,0,0.07917670712416662,0
596,2,0,0,0,3,0.00155328259921,0,0,,1
597,3,0,0,1,3,-0.0628584276839,0,0,0.24253433466877583,0
598,3,0,0,1,1,-0.048756166872,0,0,,0
599,1,1,0,1,1,0.048259970408500004,1,1,0.24253433466877583,1
600,2,2,1,0,3,-0.010157937452299998,0,0,-0.07161494907085725,1
601,3,0,0,1,3,-0.047446852470199995,0,0,,0
602,1,0,0,1,3,0.0199008606799,0,0,,0
603,3,0,0,1,3,-0.0471458741149,0,0,0.1797044779208492,0
604,1,0,0,1,1,-0.0110362789561,0,0,0.0666107357745813,1
605,3,1,0,1,3,-0.032506849050500004,0,0,0.07917670712416662,0
606,3,0,0,1,3,-0.047446852470199995,0,0,0.0037808790266546863,0
607,1,0,0,1,3,-0.00332639242224,0,0,-0.033917035022101284,1
608,2,1,2,0,1,0.018298765776799997,0,0,-0.0967468917700279,1
609,1,0,0,0,3,0.236680423508,3,1,0.12944059252250792,1
610,3,1,5,0,3,-0.00181369316559,0,0,0.11687462117292259,0
611,3,0,0,1,3,-0.0490977441235,0,0,,0
612,3,1,0,0,2,-0.032604442551,0,0,,1
613,3,0,0,1,2,-0.0477314351174,0,0,,0
614,3,0,0,1,3,-0.0471458741149,0,0,0.0666107357745813,0
615,2,1,2,0,3,0.06401312287380001,0,0,-0.07161494907085725,1
616,3,1,1,1,3,-0.0347514995604,0,0,0.05404476442499598,0
617,3,1,0,0,3,-0.031433320545799996,0,0,-0.046483006371686605,0
618,2,2,1,0,3,0.0132645026507,6,1,-0.3229343760625637,1
619,2,0,0,1,3,-0.0423637925939,0,0,-0.046483006371686605,0
620,3,1,0,1,1,-0.0346457082059,0,0,-0.033917035022101284,0
621,1,1,0,1,3,0.039720539121,4,1,0.15457253522167858,1
622,3,1,1,1,1,-0.0321326755699,0,0,-0.12187883446919855,1
623,3,0,0,1,3,-0.0475280502626,0,0,-0.10931286311961322,0
624,3,0,0,1,3,-0.031433320545799996,0,0,-0.10931286311961322,0
625,1,0,0,1,3,0.000227572489379,4,1,0.3933259908637997,0
626,2,0,0,1,2,-0.038752833078,0,0,0.3430621054654584,0
627,1,0,0,0,3,0.08930604000600001,4,1,-0.10931286311961322,1
628,3,0,0,1,3,-0.047446852470199995,0,0,-0.046483006371686605,0
629,3,0,0,1,2,-0.0477640313466,0,0,,0
630,1,0,0,1,3,-0.00430232742653,1,1,0.6320794465059209,1
631,3,0,0,1,3,-0.0490895462694,0,0,0.26766627736794646,0
632,1,0,0,1,1,-0.00332639242224,2,1,0.028912821725825332,1
633,1,0,0,1,3,-0.0628584276839,0,0,,0
634,3,3,2,0,3,-0.00840125444455,0,0,-0.26010451931463713,0
635,2,0,0,0,3,-0.0374841175724,0,0,-0.02135106367251596,1
636,3,0,0,1,3,-0.047389857865900005,0,0,0.028912821725825332,0
637,2,1,1,1,3,-0.0116218399587,0,0,0.01634685037624001,0
638,3,0,5,0,3,0.0146064132816,0,0,0.14200656387209323,0
639,3,1,0,1,3,-0.031433320545799996,0,0,,0
640,3,0,0,1,3,-0.0475280502626,0,0,-0.12187883446919855,0
641,1,0,0,0,1,0.0724061639107,2,1,-0.07161494907085725,1
642,3,3,2,0,3,-0.00840125444455,0,0,-0.3480663187617344,0
643,3,0,0,1,3,0.0474140299468,0,0,,1
644,3,2,1,0,1,-0.025268729497700003,0,0,-0.36377378294871604,1
645,1,1,0,1,1,0.08690699657839998,4,1,0.22996836331919052,1
646,3,0,0,1,3,-0.047446852470199995,0,0,-0.13444480581878387,0
647,1,0,0,1,1,0.00643295762066,1,1,0.3304961341158731,1
648,3,0,0,1,3,-0.0481218091192,0,0,,0
649,3,0,0,0,3,-0.0481218091192,0,0,-0.08418092042044258,1
650,3,0,0,1,3,-0.047446852470199995,0,0,,0
651,2,0,1,0,3,-0.017965417486599997,0,0,-0.1470107771683692,1
652,3,0,0,1,3,-0.046397722340599995,0,0,-0.10931286311961322,0
653,3,0,0,0,2,-0.04757684701280001,0,0,,1
654,3,0,0,0,2,-0.049683305126,0,0,-0.1470107771683692,0
655,2,2,0,1,3,0.0806040179467,0,0,-0.07161494907085725,0
656,3,0,0,1,3,-0.047446852470199995,0,0,,0
657,3,1,1,0,2,-0.032604442551,0,0,0.028912821725825332,0
658,2,0,0,1,3,-0.0374841175724,0,0,-0.08418092042044258,0
659,1,0,2,1,1,0.158239647538,4,1,0.3556280768150437,0
660,1,2,0,1,3,0.198008998963,0,0,0.25510030601836114,1
661,3,0,0,1,1,-0.048756166872,0,0,0.12944059252250792,0
662,1,0,0,1,3,-0.012914953839399999,5,1,0.21740239196960517,0
663,3,0,0,1,3,-0.0482276004736,0,0,0.07917670712416662,0
664,3,1,0,1,3,-0.047389857865900005,0,0,-0.12187883446919855,1
665,2,2,0,1,3,0.0806040179467,0,0,0.028912821725825332,0
666,2,0,0,1,3,-0.0374841175724,0,0,-0.05904897772127193,0
667,3,0,0,1,3,-0.0476826383672,0,0,,0
668,3,0,0,1,3,-0.0471458741149,0,0,0.1671385065712639,0
669,1,1,0,0,3,0.0386388127622,3,1,,1
670,2,1,1,0,3,0.0132645026507,0,0,0.12944059252250792,1
671,1,1,0,1,3,0.0386388127622,2,1,0.01634685037624001,0
672,2,0,0,1,3,-0.0423637925939,0,0,0.5064197330100676,0
673,2,0,0,1,3,-0.0374841175724,0,0,0.01634685037624001,1
674,2,0,0,1,3,-0.0628584276839,0,0,,0
675,3,0,0,1,3,-0.0476826383672,0,0,-0.1470107771683692,0
676,3,0,0,1,3,-0.0471458741149,0,0,-0.06533196339606459,0
677,3,0,0,0,3,-0.04364870862049999,0,0,-0.1470107771683692,1
678,3,1,6,0,3,0.0286842757185,0,0,0.1671385065712639,0
679,1,0,1,1,1,0.937141572316,2,3,0.07917670712416662,1
680,3,0,0,0,2,-0.046975085489099996,0,0,,0
681,1,0,0,1,1,0.08690699657839998,4,1,-0.033917035022101284,1
682,3,0,0,1,3,-0.0448524268548,0,0,-0.12187883446919855,0
683,3,5,2,1,3,0.0286842757185,0,0,-0.19727466256671047,0
684,2,1,1,1,3,0.0132645026507,0,0,0.3807600195142144,0
685,2,1,2,1,1,0.018298765776799997,0,0,-0.05904897772127193,0
686,3,4,1,1,3,0.0146064132816,0,0,-0.19727466256671047,0
687,3,0,0,1,3,-0.04300634820069999,0,0,-0.13444480581878387,0
688,3,0,0,1,3,-0.0476420394711,0,0,-0.1470107771683692,0
689,1,0,1,0,3,0.34964490025399997,2,1,-0.18470869121712516,1
690,1,1,0,1,3,0.0483981628051,2,1,0.01634685037624001,1
691,3,0,1,0,1,-0.036670773339800004,0,0,-0.3229343760625637,1
692,3,0,0,1,3,0.0474140299468,0,0,,1
693,3,0,0,1,1,-0.048756166872,0,0,-0.05904897772127193,0
694,1,0,0,1,3,-0.0110362789561,0,0,0.3807600195142144,0
695,2,0,0,1,3,-0.0365081825681,0,0,0.2802322487175318,0
696,3,0,0,1,3,-0.0471458741149,0,0,0.1797044779208492,0
697,3,0,0,0,2,-0.0477640313466,0,0,,1
698,1,1,1,1,1,0.15357136003799998,3,1,0.24253433466877583,0
699,3,0,0,1,3,-0.047926622118300004,6,2,0.15457253522167858,0
700,1,1,0,0,1,0.38124079601800004,3,2,-0.1470107771683692,1
701,1,0,0,1,3,-0.0115486448334,5,1,0.0666107357745813,1
702,3,0,1,0,1,-0.0346457082059,0,0,-0.1470107771683692,0
703,3,0,0,1,2,-0.04774763563849999,0,0,-0.05904897772127193,0
704,3,1,0,1,3,-0.0475280502626,0,0,-0.046483006371686605,0
705,2,0,0,1,3,-0.0121098074609,0,0,0.11687462117292259,0
706,2,0,0,0,3,-0.0365081825681,0,0,0.19227044927043455,1
707,1,0,0,1,3,-0.0115486448334,5,1,0.15457253522167858,1
708,1,0,0,0,3,0.23294747211599998,0,0,-0.0967468917700279,1
709,3,1,1,1,1,-0.033100607907099996,0,0,,1
710,1,0,0,0,1,0.033767335594799996,3,1,-0.07161494907085725,1
711,1,0,0,1,3,-0.0110362789561,3,1,,0
712,1,1,0,1,3,0.0386388127622,3,1,0.22996836331919052,1
713,3,0,0,1,3,-0.0443482588316,0,0,-0.008785092322930637,0
714,2,0,0,1,3,-0.0374841175724,0,0,0.2802322487175318,0
715,3,0,0,1,3,-0.047926622118300004,6,2,-0.13444480581878387,0
716,1,0,0,0,1,0.38124079601800004,3,1,0.10430864982333728,1
717,2,0,0,0,3,-0.0423637925939,5,1,-0.033917035022101284,1
718,3,0,0,1,2,-0.032604442551,0,0,,0
719,3,0,0,1,3,-0.0476826383672,0,0,0.04147879307541066,0
720,2,0,1,0,3,0.00155328259921,0,0,-0.29780243336339307,1
721,3,1,0,1,3,-0.0490895462694,0,0,-0.1595767485179545,0
722,2,0,0,1,3,-0.0374841175724,0,0,0.05404476442499598,0
723,2,0,0,1,3,-0.0374841175724,0,0,0.25510030601836114,0
724,1,1,0,1,3,0.0407858697717,5,1,-0.033917035022101284,1
725,3,0,0,1,3,-0.04595035373459999,0,0,-0.12187883446919855,0
726,2,3,0,0,3,-0.021869157503800002,0,0,0.0037808790266546863,1
727,3,0,0,0,2,-0.04775583349259999,0,0,,1
728,2,1,0,1,3,-0.0121098074609,0,0,-0.05904897772127193,0
729,3,1,0,0,3,-0.047389857865900005,0,0,-0.05904897772127193,0
730,1,0,0,0,3,0.34964490025399997,2,1,-0.008785092322930637,1
731,3,0,0,1,1,-0.026187669897699998,0,0,-0.23497257661546644,0
732,2,0,0,1,3,-0.0628584276839,0,0,,0
733,2,0,0,1,3,-0.0374841175724,0,0,-0.08418092042044258,0
734,2,0,0,1,3,-0.0374841175724,0,0,-0.08418092042044258,0
735,3,0,0,1,3,-0.031433320545799996,0,0,-0.015068077997723299,0
736,3,1,3,0,3,0.004237103861,0,0,0.22996836331919052,0
737,1,0,0,1,1,0.937141572316,2,1,0.0666107357745813,1
738,3,0,0,1,3,-0.047446852470199995,0,0,,0
739,3,0,0,1,3,-0.047446852470199995,0,0,,0
740,1,0,0,1,3,-0.00430232742653,4,1,,1
741,1,1,0,1,3,0.09104652249260001,3,1,0.07917670712416662,0
742,1,2,2,0,1,0.449263465817,2,4,-0.10931286311961322,1
743,3,1,0,1,3,-0.031433320545799996,0,0,-0.07161494907085725,0
744,3,0,0,1,3,-0.047389857865900005,0,0,0.01634685037624001,1
745,1,1,1,1,3,0.0757243429253,2,1,0.5064197330100676,0
746,3,1,1,1,3,-0.0233330600102,0,0,-0.17214271986753985,0
747,2,0,0,0,3,-0.0374841175724,0,0,0.0037808790266546863,1
748,1,1,0,1,3,0.0407858697717,4,1,-0.13444480581878387,0
749,3,0,0,1,2,-0.0477314351174,0,0,0.01634685037624001,0
750,2,1,1,0,3,-0.017965417486599997,0,0,-0.3229343760625637,1
751,3,0,1,1,3,-0.038508849326900005,5,1,-0.29780243336339307,1
752,3,0,0,1,3,-0.0443156626024,0,0,0.04147879307541066,0
753,3,0,0,1,3,-0.047446852470199995,0,0,-0.08418092042044258,0
754,2,1,2,0,3,0.06401312287380001,0,0,0.22996836331919052,1
755,2,1,1,1,3,-0.0345563125595,0,0,-0.3647790606566828,1
756,3,0,0,1,3,-0.0476420394711,0,0,-0.02135106367251596,0
757,2,0,0,1,3,-0.0404119225853,0,0,-0.1470107771683692,0
758,3,0,0,1,3,-0.0471458741149,0,0,0.05404476442499598,0
759,1,0,0,0,3,0.105978328058,2,1,0.04147879307541066,1
760,3,0,0,1,3,-0.0345563125595,0,0,,0
761,3,0,0,1,3,-0.0489513538728,0,0,0.14200656387209323,0
762,3,0,0,1,1,-0.0487479690179,0,0,-0.12187883446919855,1
763,1,1,2,0,3,0.171365973346,2,2,0.07917670712416662,1
764,3,0,0,1,3,-0.0476826383672,0,0,-0.17214271986753985,0
765,1,1,0,0,3,0.08930604000600001,4,1,0.26766627736794646,1
766,1,0,0,1,1,0.014435624655799999,0,0,,0
767,3,0,0,0,2,-0.0477314351174,0,0,0.010063864701447349,0
768,3,1,0,1,2,-0.015720766976700003,0,0,,0
769,3,0,0,1,3,-0.0465359147372,0,0,0.028912821725825332,0
770,3,0,0,1,3,-0.0443156626024,0,0,-0.07161494907085725,0
771,3,0,0,1,3,-0.0475280502626,0,0,0.22996836331919052,0
772,2,0,0,0,3,-0.0423637925939,5,1,0.3430621054654584,0
773,3,0,0,1,1,-0.048756166872,0,0,,0
774,2,1,3,0,3,-0.017965417486599997,0,0,0.30536419141670246,1
775,3,0,0,1,3,-0.0477314351174,0,0,-0.1470107771683692,0
776,3,0,0,1,2,-0.0477314351174,6,1,,0
777,3,0,0,0,3,-0.038508849326900005,0,0,-0.3103684047129784,1
778,3,0,0,1,2,-0.04775583349259999,0,0,,0
779,1,0,1,0,3,0.34964490025399997,2,1,0.1671385065712639,1
780,3,0,0,0,1,-0.0487479690179,0,0,-0.20984063391629582,1
781,1,1,0,0,3,0.0483981628051,2,1,-0.1595767485179545,1
782,1,0,0,1,3,-0.00430232742653,4,1,-0.008785092322930637,0
783,3,1,2,1,3,-0.0170870759827,0,0,,0
784,3,0,0,1,3,-0.0490977441235,0,0,-0.05904897772127193,0
785,3,0,0,1,3,-0.0487073701217,0,0,-0.05904897772127193,0
786,3,0,0,0,3,-0.0482276004736,0,0,-0.1470107771683692,1
787,3,4,1,1,2,-0.0060102136840399995,0,0,-0.27267049066422244,0
788,3,1,2,1,3,-0.022698702257400002,0,0,-0.3606322901113197,1
789,1,0,0,1,1,0.09172967699560002,2,2,0.20483642062001986,0
790,3,0,0,1,2,-0.0477314351174,0,0,,0
791,2,0,0,1,3,-0.0121098074609,0,0,-0.17214271986753985,0
792,3,8,2,0,3,0.0728941314128,0,0,,0
793,1,0,0,1,1,-0.00294421627456,0,0,,0
794,3,0,0,1,3,-0.047446852470199995,0,0,-0.05904897772127193,0
795,2,0,0,1,3,-0.0374841175724,0,0,0.11687462117292259,0
796,1,0,0,0,3,-0.0122479998575,4,1,0.24253433466877583,1
797,3,0,0,0,3,-0.0459097548384,0,0,0.01634685037624001,1
798,3,0,0,1,1,-0.0487479690179,0,0,0.0037808790266546863,0
799,3,1,1,0,3,-0.015720766976700003,0,0,0.0037808790266546863,0
800,2,0,0,1,3,-0.0374841175724,0,0,0.05404476442499598,0
801,2,1,1,0,3,-0.0116218399587,0,0,0.01634685037624001,1
802,1,1,2,1,3,0.171365973346,2,2,-0.23497257661546644,1
803,3,0,1,1,1,-0.0462349363819,0,0,-0.36792055349407915,1
804,3,0,0,1,3,-0.049244134374099996,0,0,-0.033917035022101284,1
805,3,0,0,1,3,-0.0476826383672,0,0,0.01634685037624001,0
806,1,0,0,1,3,-0.0628584276839,1,1,0.11687462117292259,0
807,3,0,0,0,3,-0.0476826383672,0,0,-0.1470107771683692,0
808,2,0,0,1,3,-0.0374841175724,0,0,0.11687462117292259,0
809,1,1,0,0,3,0.0407858697717,5,1,0.04147879307541066,1
810,3,0,0,1,3,-0.0474630529913,0,0,-0.046483006371686605,0
811,3,0,0,1,3,-0.015720766976700003,0,0,0.11687462117292259,0
812,2,0,0,1,3,-0.0423637925939,0,0,0.0666107357745813,0
813,3,4,2,0,3,-0.00181369316559,0,0,-0.29780243336339307,0
814,3,0,0,1,3,-0.0471458741149,0,0,0.010063864701447349,0
815,1,0,0,1,3,-0.0628584276839,2,1,,0
816,3,0,0,0,3,-0.047389857865900005,0,0,-0.08418092042044258,0
817,2,1,1,1,1,0.00936896048756,0,0,0.01634685037624001,0
818,3,0,0,1,3,-0.0502688661286,0,0,0.1671385065712639,0
819,3,3,2,1,3,-0.00840125444455,0,0,-0.2475385479650518,0
820,1,1,1,0,3,0.119641418118,2,1,0.2802322487175318,1
821,3,0,0,1,3,-0.04595035373459999,0,0,-0.033917035022101284,1
822,1,0,0,1,3,-0.0628584276839,0,0,0.10430864982333728,0
823,3,0,1,0,3,-0.038508849326900005,5,1,-0.033917035022101284,1
824,3,4,1,1,3,0.0146064132816,0,0,-0.3480663187617344,0
825,3,0,0,1,2,-0.049292931124300006,0,0,,0
826,3,0,0,1,3,0.0474140299468,0,0,,0
827,2,0,2,1,1,0.00936896048756,0,0,-0.3606322901113197,1
828,3,0,0,1,2,-0.0477314351174,0,0,,1
829,1,0,0,0,0,0.09329117300249999,2,1,0.405891962213385,1
830,3,1,0,0,1,-0.0346457082059,0,0,-0.18470869121712516,1
831,2,1,1,1,3,-0.0262608650231,0,0,-0.3627685052407492,1
832,3,0,0,1,1,-0.0487479690179,0,0,,0
833,3,0,0,1,3,-0.0475280502626,0,0,-0.08418092042044258,0
834,3,0,0,1,3,-0.0466579066127,0,0,-0.1470107771683692,0
835,1,1,1,0,1,0.09945576405060001,5,1,0.11687462117292259,1
836,3,0,0,1,3,-0.04595035373459999,0,0,-0.10931286311961322,0
837,3,0,0,1,3,-0.0471458741149,0,0,,0
838,3,0,0,1,3,0.0474140299468,0,0,0.028912821725825332,1
839,1,0,0,1,1,-0.004887888429109999,3,1,,1
840,3,0,0,1,3,-0.047389857865900005,0,0,-0.12187883446919855,0
841,2,0,0,1,3,-0.0423637925939,0,0,-0.17214271986753985,0
842,1,0,0,0,1,-0.00235045741795,0,0,0.0037808790266546863,1
843,3,0,0,1,1,-0.050293264503699996,0,0,0.06032775009978864,0
844,3,0,0,1,3,-0.04595035373459999,0,0,-0.1595767485179545,0
845,3,0,0,1,3,-0.0481218091192,0,0,0.15457253522167858,0
846,3,8,2,1,3,0.0728941314128,0,0,,0
847,3,0,0,1,1,-0.047446852470199995,0,0,0.0666107357745813,0
848,2,0,1,1,3,0.00155328259921,0,0,-0.02135106367251596,0
849,1,1,0,0,1,0.111061387935,3,1,,1
850,3,4,2,1,3,-0.00181369316559,0,0,-0.3229343760625637,0
851,3,0,0,1,3,-0.0476826383672,0,0,0.5566836184084089,0
852,3,1,1,0,1,-0.033100607907099996,0,0,-0.26010451931463713,0
853,1,0,1,0,3,0.0140452506541,4,1,-0.17214271986753985,1
854,2,1,0,0,3,-0.0121098074609,0,0,0.1797044779208492,0
855,3,0,1,0,3,-0.0446084431037,0,0,-0.1470107771683692,1
856,1,1,1,0,3,0.25893993946,0,0,0.19227044927043455,1
857,1,0,0,1,3,-0.0110362789561,5,1,0.26766627736794646,1
858,3,0,3,0,1,-0.025268729497700003,0,0,-0.07161494907085725,1
859,3,0,0,1,1,-0.0487479690179,0,0,,0
860,3,2,0,1,3,-0.0353208600419,0,0,0.14200656387209323,0
861,2,1,0,1,3,-0.0404119225853,0,0,-0.10931286311961322,0
862,1,0,0,0,3,-0.0122479998575,4,1,0.22996836331919052,1
863,3,8,2,0,3,0.0728941314128,0,0,,0
864,2,0,0,1,3,-0.0374841175724,0,0,-0.07161494907085725,0
865,2,0,0,0,3,-0.0374841175724,0,0,0.15457253522167858,1
866,2,1,0,0,1,-0.035808827544,0,0,-0.033917035022101284,1
867,1,0,0,1,3,0.0357028098953,1,1,0.01634685037624001,0
868,3,0,0,1,3,-0.0443156626024,0,0,,0
869,3,1,1,1,3,-0.041127673317400006,0,0,-0.3229343760625637,1
870,3,0,0,1,3,-0.047446852470199995,0,0,-0.046483006371686605,0
871,1,1,1,0,3,0.039720539121,4,1,0.21740239196960517,1
872,1,0,0,1,3,-0.053099077641000005,2,3,0.04147879307541066,0
873,3,0,0,1,3,-0.0452915976067,0,0,0.21740239196960517,0
874,2,1,0,0,1,-0.016013547478,0,0,-0.02135106367251596,1
875,3,0,0,0,1,-0.048756166872,0,0,-0.18470869121712516,1
876,3,0,0,1,3,-0.0436407059535,0,0,-0.12187883446919855,0
877,3,0,0,1,3,-0.047446852470199995,0,0,-0.13444480581878387,0
878,3,0,0,1,3,-0.047446852470199995,0,0,,0
879,1,0,1,0,1,0.09945576405060001,3,1,0.3304961341158731,1
880,2,0,1,0,3,-0.0121098074609,0,0,-0.05904897772127193,1
881,3,0,0,1,3,-0.047446852470199995,0,0,0.04147879307541066,0
882,3,0,0,0,3,-0.042331196364699994,0,0,-0.0967468917700279,0
883,2,0,0,1,3,-0.0423637925939,0,0,-0.02135106367251596,0
884,3,0,0,1,3,-0.0490977441235,0,0,-0.05904897772127193,0
885,3,0,5,0,2,-0.0060102136840399995,0,0,0.11687462117292259,0
886,2,0,0,1,3,-0.0374841175724,0,0,-0.033917035022101284,0
887,1,0,0,0,3,-0.00430232742653,2,1,-0.13444480581878387,1
888,3,1,2,0,3,-0.0170870759827,0,0,,0
889,1,0,0,1,1,-0.00430232742653,3,1,-0.046483006371686605,1
890,3,0,0,1,2,-0.0477314351174,0,0,0.028912821725825332,0
